block_number,total_supply,timestamp,time
11226411,0,1604965879,2020-11-09 23:51:19
11232811,0,1605051637,2020-11-10 23:40:37
11239411,0,1605139029,2020-11-11 23:57:09
11245911,0,1605225167,2020-11-12 23:52:47
11252411,0,1605311338,2020-11-13 23:48:58
11259011,0,1605398362,2020-11-14 23:59:22
11265511,0,1605483989,2020-11-15 23:46:29
11272011,0,1605570732,2020-11-16 23:52:12
11278511,0,1605656957,2020-11-17 23:49:17
11285011,0,1605743965,2020-11-18 23:59:25
11291611,0,1605830285,2020-11-19 23:58:05
11298011,1344000000000000000000,1605916099,2020-11-20 23:48:19
11304611,1344000000000000000000,1606002775,2020-11-21 23:52:55
11311111,1376000000000000000000,1606089140,2020-11-22 23:52:20
11317511,1920000000000000000000,1606174734,2020-11-23 23:38:54
11324111,3168000000000000000000,1606261690,2020-11-24 23:48:10
11330611,3488000000000000000000,1606348430,2020-11-25 23:53:50
11337111,3584000000000000000000,1606434261,2020-11-26 23:44:21
11343511,3808000000000000000000,1606520498,2020-11-27 23:41:38
11350111,4320000000000000000000,1606606944,2020-11-28 23:42:24
11356611,4768000000000000000000,1606693268,2020-11-29 23:41:08
11363211,5109500000000000000000,1606780093,2020-11-30 23:48:13
11369711,6028000000000000000000,1606866258,2020-12-01 23:44:18
11376211,6553500000000000000000,1606953265,2020-12-02 23:54:25
11382711,6993500000000000000000,1607038989,2020-12-03 23:43:09
11389211,7399500000000000000000,1607125959,2020-12-04 23:52:39
11395711,7603000000000000000000,1607212571,2020-12-05 23:56:11
11402211,7667500000000000000000,1607298202,2020-12-06 23:43:22
11408711,7865000000000000000000,1607385012,2020-12-07 23:50:12
11415211,8373000000000000000000,1607471548,2020-12-08 23:52:28
11421811,8421500000000000000000,1607558044,2020-12-09 23:54:04
11428211,8485000000000000000000,1607643876,2020-12-10 23:44:36
11434711,8581000000000000000000,1607730667,2020-12-11 23:51:07
11441211,8638954565059345507200,1607817172,2020-12-12 23:52:52
11447711,8732821099921172934600,1607903767,2020-12-13 23:56:07
11454211,8986460460079727898000,1607989613,2020-12-14 23:46:53
11460711,9146233285376455434000,1608076236,2020-12-15 23:50:36
11467211,9206148094862728260000,1608162103,2020-12-16 23:41:43
11473811,9521699424823765143600,1608249547,2020-12-17 23:59:07
11480211,10001017900713947751600,1608334796,2020-12-18 23:39:56
11486811,10224699856129366302000,1608422239,2020-12-19 23:57:19
11493311,10589680903916578267050,1608508056,2020-12-20 23:47:36
11499811,10777413973640233121850,1608594206,2020-12-21 23:43:26
11506311,26940432412720432482450,1608680804,2020-12-22 23:46:44
11512911,29330034731064613692750,1608767212,2020-12-23 23:46:52
11519411,29487773903019060270358,1608854021,2020-12-24 23:53:41
11525811,29514702378918262186774,1608939870,2020-12-25 23:44:30
11532411,29672273548222508011286,1609026634,2020-12-26 23:50:34
11538911,29791913148872110573078,1609112871,2020-12-27 23:47:51
11545511,29823813228383831668246,1609199345,2020-12-28 23:49:05
11551911,29880124419355709146966,1609285408,2020-12-29 23:43:28
11558511,30000181276523041868118,1609372718,2020-12-30 23:58:38
11565011,30059960624490178492758,1609459142,2020-12-31 23:59:02
11571511,30123725262321790892374,1609544948,2021-01-01 23:49:08
11578111,30503324121913108458838,1609631256,2021-01-02 23:47:36
11584611,30567088759744720858454,1609718003,2021-01-03 23:53:23
11591111,30598971078660527058262,1609804250,2021-01-04 23:50:50
11597611,31156911659687135554902,1609890283,2021-01-05 23:44:43
11604111,31698911081255840951638,1609976561,2021-01-06 23:42:41
11610511,31730796644378850020694,1610062501,2021-01-07 23:35:01
11617111,31762679295594590834006,1610149236,2021-01-08 23:40:36
11623611,31888200013742601771606,1610235774,2021-01-09 23:42:54
11630211,31983830557645781326422,1610322926,2021-01-10 23:55:26
11636711,32015704296256898800214,1610408925,2021-01-11 23:48:45
11643311,32015704296256898800214,1610495916,2021-01-12 23:58:36
11649811,32143171996655040780886,1610581428,2021-01-13 23:43:48
11656211,32175034514921524472406,1610667835,2021-01-14 23:43:55
11662811,32175034514921524472406,1610754449,2021-01-15 23:47:29
11669311,32521354016321116682070,1610840905,2021-01-16 23:48:25
11675811,32585040119105303377750,1610927336,2021-01-17 23:48:56
11682311,32839691284162727212886,1611013807,2021-01-18 23:50:07
11688811,32903352723216575035222,1611099753,2021-01-19 23:42:33
11695411,32967000644913434228566,1611186329,2021-01-20 23:45:29
11701911,32998811564998642927446,1611273203,2021-01-21 23:53:23
11708411,32998811564998642927446,1611359716,2021-01-22 23:55:16
11714911,33030615933976877856598,1611445548,2021-01-23 23:45:48
11721411,33124007697685716918870,1611532234,2021-01-24 23:50:34
11727911,33215392659896970182742,1611618168,2021-01-25 23:42:48
11734411,33215392659896970182742,1611704523,2021-01-26 23:42:03
11740911,33245184007675241552982,1611791317,2021-01-27 23:48:37
11747411,33340473271763889478742,1611877654,2021-01-28 23:47:34
11753911,33340473271763889478742,1611964799,2021-01-29 23:59:59
11760211,33370241310770898429782,1612049881,2021-01-30 23:38:01
11766911,33497226565953672177494,1612137303,2021-01-31 23:55:03
11773411,33528966877184126854998,1612223763,2021-02-01 23:56:03
11779911,33713389345058363312214,1612310309,2021-02-02 23:58:29
11786311,33776838577426229876822,1612395572,2021-02-03 23:39:32
11792911,33808560311265313478742,1612483072,2021-02-04 23:57:52
11799311,33903698725288041867350,1612568891,2021-02-05 23:48:11
11805811,35263114078966057404502,1612655261,2021-02-06 23:47:41
11812411,35750530231181925077334,1612741962,2021-02-07 23:52:42
11818811,35893165407750975277398,1612827624,2021-02-08 23:40:24
11825311,36019871276206313245014,1612913963,2021-02-09 23:39:23
11831911,36462927446360217159190,1613001487,2021-02-10 23:58:07
11838411,37502735854553436554074,1613087638,2021-02-11 23:53:58
11844911,37385258631387124146554,1613173617,2021-02-12 23:46:57
11851311,37392192031128200723322,1613260025,2021-02-13 23:47:05
11857911,37427440763985961860154,1613346795,2021-02-14 23:53:15
11864411,37474493608511553388090,1613433249,2021-02-15 23:54:09
11870911,37524049782993043662394,1613519796,2021-02-16 23:56:36
11877411,37626013466717044769274,1613605584,2021-02-17 23:46:24
11883911,37773012071917182958266,1613692688,2021-02-18 23:58:08
11890411,38328363791024627865914,1613778038,2021-02-19 23:40:38
11896911,39474367721275290911866,1613864476,2021-02-20 23:41:16
11903411,39937736199505478777392,1613951129,2021-02-21 23:45:29
11909911,39987477860416471490979,1614037507,2021-02-22 23:45:07
11916411,40019649272328959646819,1614123807,2021-02-23 23:43:27
11922911,40028650451226074792406,1614210841,2021-02-24 23:54:01
11929411,40044931219017250461718,1614296858,2021-02-25 23:47:38
11935911,40208451286362825878614,1614382849,2021-02-26 23:40:49
11942411,40746566611310186818268,1614469407,2021-02-27 23:43:27
11948911,40870911883774228757208,1614556231,2021-02-28 23:50:31
11955411,41002325912139426172632,1614642920,2021-03-01 23:55:20
11961911,41097394783453959275416,1614728710,2021-03-02 23:45:10
11968311,41205951141319354393496,1614814746,2021-03-03 23:39:06
11974811,41287131899327876408088,1614900946,2021-03-04 23:35:46
11981411,41484778155951861174744,1614988512,2021-03-05 23:55:12
11987911,41607770986891517842264,1615073891,2021-03-06 23:38:11
11994411,41812655772119466184560,1615160595,2021-03-07 23:43:15
12000911,41931154606875612074864,1615247074,2021-03-08 23:44:34
12007311,41994779482437554352240,1615332988,2021-03-09 23:36:28
12013911,42114435458166572775344,1615420366,2021-03-10 23:52:46
12020311,42258427040509038410160,1615506461,2021-03-11 23:47:41
12026811,42319404231386090324016,1615593408,2021-03-12 23:56:48
12033311,42463156665693925783856,1615679713,2021-03-13 23:55:13
12039811,42478036715394029824622,1615765782,2021-03-14 23:49:42
12046211,42533437419610079263918,1615851763,2021-03-15 23:42:43
12052811,42538276879203496082478,1615939072,2021-03-16 23:57:52
12059211,42567882247712708594478,1616024392,2021-03-17 23:39:52
12065711,42603736141742604967614,1616110934,2021-03-18 23:42:14
12072211,42644412281931303667070,1616197161,2021-03-19 23:39:21
12078811,42705710553621521943806,1616284521,2021-03-20 23:55:21
12085211,42823573041474373493118,1616370670,2021-03-21 23:51:10
12091711,42832284068742523766526,1616457248,2021-03-22 23:54:08
12098211,42842037345767090184190,1616543525,2021-03-23 23:52:05
12104711,42845908913441823639038,1616630093,2021-03-24 23:54:53
12111211,42929804846764737196862,1616716353,2021-03-25 23:52:33
12117711,42991295766942855291326,1616802347,2021-03-26 23:45:47
12124211,42999071010373638837310,1616888680,2021-03-27 23:44:40
12130711,43004890968572914035262,1616975454,2021-03-28 23:50:54
12137211,43016204448690405650558,1617061551,2021-03-29 23:45:51
12143711,43033642557267364515518,1617147770,2021-03-30 23:42:50
12150211,43053044390998279718078,1617234641,2021-03-31 23:50:41
12156711,43074993498414550565118,1617320948,2021-04-01 23:49:08
12163211,43136009850543828518398,1617407929,2021-04-02 23:58:49
12169711,43140426740656746021878,1617493977,2021-04-03 23:52:57
12176211,43191463044199122329782,1617579656,2021-04-04 23:40:56
12182811,43198929765287856561126,1617667163,2021-04-05 23:59:23
12189211,43205705008718640107110,1617752340,2021-04-06 23:39:00
12195811,43244013731381816848294,1617839668,2021-04-07 23:54:28
12202211,43259711851380701682470,1617925582,2021-04-08 23:46:22
12208711,43311815149843428003942,1618012342,2021-04-09 23:52:22
12215311,43326849377320728077766,1618098949,2021-04-10 23:55:49
12221811,43679165986388888535102,1618184913,2021-04-11 23:48:33
12228311,43708223868917676435622,1618271006,2021-04-12 23:43:26
12234811,43724675721419695743726,1618357643,2021-04-13 23:47:23
12241311,43775028968810155793038,1618444787,2021-04-14 23:59:47
12247811,43782770435742802015234,1618531196,2021-04-15 23:59:56
12254211,43830793738644814746630,1618617093,2021-04-16 23:51:33
12260711,43840472657831648383750,1618703988,2021-04-17 23:59:48
12267211,44003005166834196499866,1618790388,2021-04-18 23:59:48
12273611,44007898877885849291654,1618876766,2021-04-19 23:59:26
12280111,44022080417047495408394,1618961934,2021-04-20 23:38:54
12286711,44034844294039411419358,1619049595,2021-04-21 23:59:55
12293111,44095552758667093915114,1619135837,2021-04-22 23:57:17
12299511,44098937967595083463106,1619221320,2021-04-23 23:42:00
12306011,44123144530552034218630,1619307796,2021-04-24 23:43:16
12312511,44164557356477900259274,1619394270,2021-04-25 23:44:30
12319011,44211217827095478507230,1619480827,2021-04-26 23:47:07
12325511,44274888551407435412174,1619567530,2021-04-27 23:52:10
12331911,44307978344947852271074,1619652929,2021-04-28 23:35:29
12338411,44315228756744532863262,1619739677,2021-04-29 23:41:17
12344911,44336167784442685964486,1619826701,2021-04-30 23:51:41
12351411,44356086029606711040170,1619913214,2021-05-01 23:53:34
12357811,44420053159588085818058,1619999420,2021-05-02 23:50:20
12364311,44460087090621201472526,1620085862,2021-05-03 23:51:02
12370811,44480877182226214029834,1620172151,2021-05-04 23:49:11
12377311,44554341641144131640562,1620258313,2021-05-05 23:45:13
12383811,44618198434689374124930,1620345086,2021-05-06 23:51:26
12390211,44643641384811961751502,1620430899,2021-05-07 23:41:39
12396711,44660147545647494557182,1620517643,2021-05-08 23:47:23
12403211,44693489302314330405246,1620604202,2021-05-09 23:50:02
12409711,44750738558207384770586,1620690296,2021-05-10 23:44:56
12416211,44754603760230248525434,1620777481,2021-05-11 23:58:01
12422611,44757019383154782934714,1620863291,2021-05-12 23:48:11
12429111,44858956848145607793830,1620949268,2021-05-13 23:41:08
12435611,44868620392229740018450,1621036036,2021-05-14 23:47:16
12442111,44875082484576495508598,1621122756,2021-05-15 23:52:36
12448511,44916378112916646407958,1621208296,2021-05-16 23:38:16
12455011,44924111725456259855154,1621295775,2021-05-17 23:56:15
12461411,44960823161940677313710,1621381402,2021-05-18 23:43:22
12467911,44966148801193934242222,1621468772,2021-05-19 23:59:32
12474311,44998566109736369565254,1621554173,2021-05-20 23:42:53
12480711,44998566109736369565254,1621640660,2021-05-21 23:44:20
12487211,45003418440544509851958,1621727442,2021-05-22 23:50:42
12493611,45010194731046248252136,1621813288,2021-05-23 23:41:28
12500111,47878969892576225082252,1621899705,2021-05-24 23:41:45
12506511,47982275648717876876744,1621986164,2021-05-25 23:42:44
12513011,48058964957704002760216,1622073341,2021-05-26 23:55:41
12519411,48088014425319780641632,1622159488,2021-05-27 23:51:28
12525911,48104461629397159286024,1622246396,2021-05-28 23:59:56
12532311,48132457238706573108672,1622331846,2021-05-29 23:44:06
12538711,48215507058691600806872,1622417997,2021-05-30 23:39:57
12545211,48331075734699719868278,1622505446,2021-05-31 23:57:26
12551611,48360518946675229298994,1622590849,2021-06-01 23:40:49
12558111,48404124071310686542478,1622677162,2021-06-02 23:39:22
12564511,48448153600412461679026,1622763458,2021-06-03 23:37:38
12571111,48499082441923897829526,1622851063,2021-06-04 23:57:43
12577511,48518532179403226744886,1622936945,2021-06-05 23:49:05
12584011,48570918541390793209846,1623022880,2021-06-06 23:41:20
12590511,48584490543307409789594,1623110254,2021-06-07 23:57:34
12596911,48633233133635237800194,1623195722,2021-06-08 23:42:02
12603411,48671931066251889407538,1623282931,2021-06-09 23:55:31
12609811,48691261411724448143066,1623368472,2021-06-10 23:41:12
12616311,49886434555326973684964,1623455454,2021-06-11 23:50:54
12622711,49901464827414312457576,1623541233,2021-06-12 23:40:33
12629211,49964046621824125098130,1623628290,2021-06-13 23:51:30
12635611,49989188845476881589706,1623713873,2021-06-14 23:37:53
12642111,50003658840169332107886,1623800519,2021-06-15 23:41:59
12648511,50024394772397550040194,1623886870,2021-06-16 23:41:10
12655011,50066829138502940893522,1623973751,2021-06-17 23:49:11
12661411,50022705721219209517466,1624059869,2021-06-18 23:44:29
12667811,50030902052322615284018,1624146165,2021-06-19 23:42:45
12674311,50036687483404486741290,1624232965,2021-06-20 23:49:25
12680611,50060791837720682996590,1624319002,2021-06-21 23:43:22
12687111,50087305423641592873670,1624406372,2021-06-22 23:59:32
12693511,50092125709275547329730,1624492360,2021-06-23 23:52:40
12699911,50095499778312764902722,1624578562,2021-06-24 23:49:22
12706211,50100801699790463165638,1624664262,2021-06-25 23:37:42
12712711,50115742703794907265674,1624751615,2021-06-26 23:53:35
12719111,50160563482696494953282,1624837345,2021-06-27 23:42:25
12725611,50166828752865534092410,1624924407,2021-06-28 23:53:27
12732011,50187070266610366642862,1625010732,2021-06-29 23:52:12
12738411,50204901137013175759034,1625096253,2021-06-30 23:37:33
12744811,50241042947917521460734,1625183404,2021-07-01 23:50:04
12751211,50250680182351788997854,1625269138,2021-07-02 23:38:58
12757711,50274771908036050203154,1625356774,2021-07-03 23:59:34
12764111,50300307283521939541522,1625442529,2021-07-04 23:48:49
12770511,50327767970321151907314,1625528415,2021-07-05 23:40:15
12777011,50328731498688150396026,1625615975,2021-07-06 23:59:35
12783311,50397138136884428882078,1625701144,2021-07-07 23:39:04
12789811,50402436798532339032494,1625788272,2021-07-08 23:51:12
12796211,50409180393379431690978,1625874601,2021-07-09 23:50:01
12802611,50435671494175188918058,1625960533,2021-07-10 23:42:13
12809111,50459271265499369141502,1626047733,2021-07-11 23:55:33
12815411,50470829499031177006046,1626132883,2021-07-12 23:34:43
12821811,50474200590586068429038,1626220728,2021-07-13 23:58:48
12828111,50475645215769837887106,1626305904,2021-07-14 23:38:24
12834611,50481423613833111369378,1626393463,2021-07-15 23:57:43
12840911,50495868068914229825058,1626479124,2021-07-16 23:45:24
12847311,50502608480935387633542,1626566119,2021-07-17 23:55:19
12853611,50504052772435792954110,1626651664,2021-07-18 23:41:04
12860111,50504534177267976973466,1626738781,2021-07-19 23:53:01
12866411,50507904011093265108958,1626824616,2021-07-20 23:43:36
12872811,50507904011093265108958,1626910743,2021-07-21 23:39:03
12879211,50559889906344242336906,1626996970,2021-07-22 23:36:10
12885611,50562296494149993946186,1627084174,2021-07-23 23:49:34
12892111,50607538871557731778150,1627171164,2021-07-24 23:59:24
12898511,50609945254019874687430,1627257586,2021-07-25 23:59:46
12904811,50647962323732922791554,1627343503,2021-07-26 23:51:43
12911111,50690307878727550894882,1627430140,2021-07-27 23:55:40
12917411,50695601073101879407798,1627516666,2021-07-28 23:57:46
12923711,50697044543227849928366,1627602389,2021-07-29 23:46:29
12930011,49303189515667031832422,1627689222,2021-07-30 23:53:42
12936311,49304151760636475946134,1627775623,2021-07-31 23:53:43
12942611,49315216525399088666322,1627861703,2021-08-01 23:48:23
12949011,49319065094589647721170,1627948360,2021-08-02 23:52:40
12955311,49345041447884758266394,1628034053,2021-08-03 23:40:53
12961711,49742459755504266578321,1628121494,2021-08-04 23:58:14
12968011,49754965577605447594077,1628207362,2021-08-05 23:49:22
12974511,49760254503880804633117,1628294303,2021-08-06 23:58:23
12981011,49790932287335192683632,1628379835,2021-08-07 23:43:55
12987511,49830838783001236613232,1628466416,2021-08-08 23:46:56
12994011,49830838783001236613232,1628552892,2021-08-09 23:48:12
13000511,49861127443122727839792,1628639127,2021-08-10 23:45:27
13006911,49891881393315295598640,1628725585,2021-08-11 23:46:25
13013411,49938963258372496753072,1628811710,2021-08-12 23:41:50
13019911,49947130466325285318128,1628898555,2021-08-13 23:49:15
13026411,49948091193723671329136,1628984973,2021-08-14 23:49:33
13032811,49959617126324586181232,1629071211,2021-08-15 23:46:51
13039311,49973542339262941315632,1629157513,2021-08-16 23:45:13
13045811,49991788174296316204976,1629243525,2021-08-17 23:38:45
13052211,50050360922690273158960,1629329896,2021-08-18 23:38:16
13058811,50069562554379342325040,1629417071,2021-08-19 23:51:11
13065311,50074362331951003240880,1629503875,2021-08-20 23:57:55
13071711,50084440562713639581040,1629589664,2021-08-21 23:47:44
13078211,50094036802439202258544,1629676080,2021-08-22 23:48:00
13084611,50094036802439202258544,1629762246,2021-08-23 23:44:06
13091111,50098354488338038453552,1629848589,2021-08-24 23:43:09
13097611,50105549212939180220848,1629935810,2021-08-25 23:56:50
13104111,50107467692116731788464,1630022107,2021-08-26 23:55:07
13110511,50107467692116731788464,1630107985,2021-08-27 23:46:25
13117011,50111782751369068327984,1630195078,2021-08-28 23:57:58
13123511,50116577261649442260784,1630281581,2021-08-29 23:59:41
13129911,50116577261649442260784,1630367041,2021-08-30 23:44:01
13136411,50178412448416421056816,1630454215,2021-08-31 23:56:55
13142811,50186560415497139640624,1630539830,2021-09-01 23:43:50
13149411,50247423804440006956144,1630627008,2021-09-02 23:56:48
13155811,50252215698532191738864,1630712634,2021-09-03 23:43:54
13162311,50352833677906092668272,1630799928,2021-09-04 23:58:48
13168811,50355707989140400875632,1630885849,2021-09-05 23:50:49
13175211,50389238758193305364592,1630971461,2021-09-06 23:37:41
13181711,50398817753355826758512,1631058968,2021-09-07 23:56:08
13188211,50398817753355826758512,1631145554,2021-09-08 23:59:14
13194611,50399775419867589358064,1631231134,2021-09-09 23:45:34
13201111,50399775419867589358064,1631318033,2021-09-10 23:53:53
13207511,50401690309941905244400,1631404264,2021-09-11 23:51:04
13214011,50403604720267284866800,1631490249,2021-09-12 23:44:09
13220411,50404561925429974678000,1631576552,2021-09-13 23:42:32
13226911,50405040407926620799920,1631663337,2021-09-14 23:48:57
13233311,50410782197886374262960,1631749029,2021-09-15 23:37:09
13239811,50411260625532711330288,1631835590,2021-09-16 23:39:50
13246311,50411260625532711330288,1631922502,2021-09-17 23:48:22
13252811,50417477930430787133872,1632009551,2021-09-18 23:59:11
13259311,50417477930430787133872,1632095790,2021-09-19 23:56:30
13265711,50417477930430787133872,1632181741,2021-09-20 23:49:01
13272211,50435647332707864253872,1632268249,2021-09-21 23:50:49
13278611,50510228701924614553904,1632354129,2021-09-22 23:42:09
13285011,50510228701924614553904,1632440465,2021-09-23 23:41:05
13291511,50532213343458896594864,1632527501,2021-09-24 23:51:41
13298111,50540815720192296132848,1632614097,2021-09-25 23:54:57
13304511,50723814230174235037232,1632700598,2021-09-26 23:56:38
13310911,50726681046654284456240,1632786279,2021-09-27 23:44:39
13317311,51597070039893301635760,1632873128,2021-09-28 23:52:08
13323711,51598025429225704927280,1632959212,2021-09-29 23:46:52
13330011,51598980714799696583344,1633045305,2021-09-30 23:41:45
13336511,51600891093695744236720,1633131890,2021-10-01 23:44:50
13342911,51737946716355939288624,1633218518,2021-10-02 23:48:38
13349311,51741766573637241122032,1633305355,2021-10-03 23:55:55
13355611,51744630935637134163440,1633390970,2021-10-04 23:42:50
13362011,51745108310206181955376,1633477031,2021-10-05 23:37:11
13368511,51745108310206181955376,1633564568,2021-10-06 23:56:08
13374811,51750358196297566160944,1633650635,2021-10-07 23:50:35
13381211,51750358196297566160944,1633736740,2021-10-08 23:45:40
13387611,52080069394358113766000,1633823897,2021-10-09 23:58:17
13393911,52080546488424038464176,1633909457,2021-10-10 23:44:17
13400311,52080546488424038464176,1633995911,2021-10-11 23:45:11
13406711,52080546488424038464176,1634082940,2021-10-12 23:55:40
13413011,52080546488424038464176,1634169040,2021-10-13 23:50:40
13419311,52087222516958343572784,1634254986,2021-10-14 23:43:06
13425611,52087222516958343572784,1634341245,2021-10-15 23:40:45
13432111,52099141877360188158704,1634428418,2021-10-16 23:53:38
13438511,52099141877360188158704,1634514851,2021-10-17 23:54:11
13444811,52099141877360188158704,1634601064,2021-10-18 23:51:04
13451211,52109628061782534206064,1634687165,2021-10-19 23:46:05
13457611,52109628061782534206064,1634773988,2021-10-20 23:53:08
13464111,52222104989619562921392,1634860625,2021-10-21 23:57:05
13470511,52222104989619562921392,1634946917,2021-10-22 23:55:17
13476811,52223057834582701065392,1635032415,2021-10-23 23:40:15
13483211,52223057834582701065392,1635119482,2021-10-24 23:51:22
13489611,52223534209777178285680,1635205683,2021-10-25 23:48:03
13496011,52223534209777178285680,1635291817,2021-10-26 23:43:37
13502411,52290021982571240509884,1635379049,2021-10-27 23:57:29
13508811,52290021982571240509884,1635465300,2021-10-28 23:55:00
13515111,52306212428375237411068,1635550928,2021-10-29 23:42:08
13521511,52306212428375237411068,1635638008,2021-10-30 23:53:28
13527811,52306212428375237411068,1635723939,2021-10-31 23:45:39
13534211,52306212428375237411068,1635810178,2021-11-01 23:42:58
13540511,52306688433490448392764,1635896552,2021-11-02 23:42:32
13546911,52306688433490448392764,1635983073,2021-11-03 23:44:33
13553211,52335715990397167174908,1636069633,2021-11-04 23:47:13
13559611,52359506573907999547004,1636155757,2021-11-05 23:42:37
13566011,52408986327136686302076,1636242857,2021-11-06 23:54:17
13572411,52423733191977247378364,1636328572,2021-11-07 23:42:52
13578811,52478910229082755418812,1636415624,2021-11-08 23:53:44
13585211,52482239476128615350396,1636502398,2021-11-09 23:59:58
13591511,52518859214432566422204,1636587594,2021-11-10 23:39:54
13597911,52594942231115323639484,1636674501,2021-11-11 23:48:21
13604311,52673866308129745085308,1636760733,2021-11-12 23:45:33
13610711,52682899196742332764476,1636847959,2021-11-13 23:59:19
13617011,52745173462578077385532,1636933732,2021-11-14 23:48:52
13623311,52808389251231691007292,1637019838,2021-11-15 23:43:58
13629611,52822648122205972227900,1637107057,2021-11-16 23:57:37
13636011,52827400690971604395580,1637193440,2021-11-17 23:57:20
13642311,52833103017681346772028,1637278651,2021-11-18 23:37:31
13648611,52834528503774728196156,1637366198,2021-11-19 23:56:38
13654911,52877284469244033392444,1637452731,2021-11-20 23:58:51
13661111,52884410050041062925884,1637537938,2021-11-21 23:38:58
13667511,52907209375700630297788,1637624793,2021-11-22 23:46:33
13673911,52908634272729354987196,1637711962,2021-11-23 23:59:22
13680211,52913383474871879087676,1637798261,2021-11-24 23:57:41
13686511,52943776286717286311484,1637884687,2021-11-25 23:58:07
13692711,52955172506668870849020,1637970677,2021-11-26 23:51:17
13699111,52974639505604915296124,1638057449,2021-11-27 23:57:29
13705311,52979861913448430557820,1638142995,2021-11-28 23:43:15
13711511,52987932069514812242364,1638229430,2021-11-29 23:43:50
13717811,52996476140127953576124,1638316335,2021-11-30 23:52:15
13724011,52999323872800150478268,1638402146,2021-12-01 23:42:26
13730311,53003120382707259281148,1638489244,2021-12-02 23:54:04
13736611,53005018436803054441468,1638575840,2021-12-03 23:57:20
13742711,53017354874034018655676,1638661197,2021-12-04 23:39:57
13749011,53022099052345720559676,1638748633,2021-12-05 23:57:13
13755211,53027317551849672986620,1638833934,2021-12-06 23:38:54
13761511,53030163768919935126652,1638920880,2021-12-07 23:48:00
13767711,53042021679257271839228,1639006799,2021-12-08 23:39:59
13774011,53055774905604803584828,1639093535,2021-12-09 23:45:35
13780411,53058146109808419425212,1639179569,2021-12-10 23:39:29
13786911,53058620317274444679996,1639266133,2021-12-11 23:42:13
13793511,53089915180038171998268,1639353580,2021-12-12 23:59:40
13799911,53092285740110172584572,1639438921,2021-12-13 23:42:01
13806311,53094655928848929290428,1639525384,2021-12-14 23:43:04
13812811,53095129910279308986492,1639612149,2021-12-15 23:49:09
13819211,53095129910279308986492,1639698476,2021-12-16 23:47:56
13825711,53105555927283764331132,1639785370,2021-12-17 23:56:10
13832211,53106029818181672825724,1639871575,2021-12-18 23:52:55
13838611,53106977502645744126844,1639957288,2021-12-19 23:41:28
13845211,53111241216945441806140,1640044432,2021-12-20 23:53:52
13851611,53117872923727235092284,1640130201,2021-12-21 23:43:21
13858011,53127820430744449429180,1640216536,2021-12-22 23:42:16
13864511,53127820430744449429180,1640303899,2021-12-23 23:58:19
13870911,53130661979024822697532,1640389326,2021-12-24 23:42:06
13877411,53130661979024822697532,1640476235,2021-12-25 23:50:35
13883911,53133976327086230400828,1640563108,2021-12-26 23:58:28
13890311,53165223151415956396732,1640648528,2021-12-27 23:42:08
13896811,53176679323626357998559,1640735728,2021-12-28 23:55:28
13903311,53180465915795690036575,1640821885,2021-12-29 23:51:25
13909711,53190405475320633808543,1640907627,2021-12-30 23:40:27
13916111,53198923193201331948319,1640994501,2021-12-31 23:48:21
13922611,53222110314098787995487,1641080978,2022-01-01 23:49:38
13929111,53222583507419268827487,1641167156,2022-01-02 23:45:56
13935611,53228261827265038811295,1641254074,2022-01-03 23:54:34
13942111,53232993760469847131295,1641340710,2022-01-04 23:58:30
13948511,53242457626879463771295,1641426320,2022-01-05 23:45:20
13954911,53264697712942062875295,1641512733,2022-01-06 23:45:33
13961311,53265170906262543707295,1641598973,2022-01-07 23:42:53
13967911,53275107965992641179295,1641686188,2022-01-08 23:56:28
13974411,53275580803922443591007,1641772689,2022-01-09 23:58:09
13980811,53275580803922443591007,1641858645,2022-01-10 23:50:45
13987311,53275580803922443591007,1641944808,2022-01-11 23:46:48
13993811,53280307172091108112479,1642031729,2022-01-12 23:55:29
14000211,53284077964538654701663,1642117625,2022-01-13 23:47:05
14006611,53284077964538654701663,1642203172,2022-01-14 23:32:52
14013111,53285020545227599110111,1642290063,2022-01-15 23:41:03
14019611,53285491737170579434463,1642376549,2022-01-16 23:42:29
14026111,53285491737170579434463,1642463280,2022-01-17 23:48:00
14032611,53285491737170579434463,1642550067,2022-01-18 23:54:27
14039011,53285962793878509859103,1642635562,2022-01-19 23:39:22
14045511,53285962793878509859103,1642722182,2022-01-20 23:43:02
14051911,53285962793878509859103,1642808527,2022-01-21 23:42:07
14058511,53286433694449301493855,1642895560,2022-01-22 23:52:40
14064911,53286433694449301493855,1642981082,2022-01-23 23:38:02
14071411,53289258795527346343647,1643068290,2022-01-24 23:51:30
14077811,53289258795527346343647,1643154013,2022-01-25 23:40:13
14084311,53301969401367052302111,1643241260,2022-01-26 23:54:20
14090811,53301969401367052302111,1643327857,2022-01-27 23:57:37
14097211,53301969401367052302111,1643413345,2022-01-28 23:42:25
14103711,53316558207859089223839,1643500128,2022-01-29 23:48:48
14110211,53316558207859089223839,1643586133,2022-01-30 23:42:13
14116711,53316558207859089223839,1643672901,2022-01-31 23:48:21
14123211,53316558207859089223839,1643759228,2022-02-01 23:47:08
14129711,53317028589403250630239,1643846286,2022-02-02 23:58:06
14136111,53319380269420530101599,1643932527,2022-02-03 23:55:27
14142611,53319380269420530101599,1644017949,2022-02-04 23:39:09
14149011,53319380269420530101599,1644104762,2022-02-05 23:46:02
14155611,53319380269420530101599,1644191931,2022-02-06 23:58:51
14162011,53322201101823045797599,1644277464,2022-02-07 23:44:24
14168511,53322671240556798413599,1644364735,2022-02-08 23:58:55
14174911,53322671240556798413599,1644450252,2022-02-09 23:44:12
14181411,53324551318865170025247,1644537470,2022-02-10 23:57:50
14187911,53330190658812437465631,1644623522,2022-02-11 23:52:02
14194411,53337709335283723569311,1644710364,2022-02-12 23:59:24
14200811,53338179188516746379423,1644795736,2022-02-13 23:42:16
14207311,53340998307914883240095,1644882706,2022-02-14 23:51:46
14213811,53340998307914883240095,1644969125,2022-02-15 23:52:05
14220211,53341468068912483742239,1645055398,2022-02-16 23:49:58
14226711,53341937775269004171295,1645141777,2022-02-17 23:49:37
14233111,53341937775269004171295,1645228188,2022-02-18 23:49:48
14239511,53341937775269004171295,1645314398,2022-02-19 23:46:38
14246011,53342407278077051151199,1645400540,2022-02-20 23:42:20
14252511,53342407278077051151199,1645487933,2022-02-21 23:58:53
14258911,53342407278077051151199,1645573178,2022-02-22 23:39:38
14265411,53403425569394252456159,1645659887,2022-02-23 23:44:47
14271911,53403425569394252456159,1645746711,2022-02-24 23:51:51
14278311,53403894899061065746655,1645832692,2022-02-25 23:44:52
14284811,53404833391331407567071,1645919558,2022-02-26 23:52:38
14291311,53404833391331407567071,1646005858,2022-02-27 23:50:58
14297711,53463010839028828398687,1646092096,2022-02-28 23:48:16
14304211,53463010839028828398687,1646178448,2022-03-01 23:47:28
14310611,53463010839028828398687,1646264956,2022-03-02 23:49:16
14317011,53463479891991782358687,1646350393,2022-03-03 23:33:13
14323511,53463479891991782358687,1646437193,2022-03-04 23:39:53
14329911,53464417901554610703007,1646523700,2022-03-05 23:41:40
14336311,53465824797092135893279,1646610016,2022-03-06 23:40:16
14342811,53465824797092135893279,1646697143,2022-03-07 23:52:23
14349211,53466293674888489743071,1646783569,2022-03-08 23:52:49
14355711,53475670169016542708191,1646869998,2022-03-09 23:53:18
14362211,53476138940579490880095,1646956592,2022-03-10 23:56:32
14368511,53476138940579490880095,1647042407,2022-03-11 23:46:47
14375011,53476138940579490880095,1647128913,2022-03-12 23:48:33
14381311,53476138940579490880095,1647214859,2022-03-13 23:40:59
14387811,53485979362259335945887,1647301773,2022-03-14 23:49:33
14394211,53516432672811916215007,1647388263,2022-03-15 23:51:03
14400611,53521586116316465363295,1647474690,2022-03-16 23:51:30
14407011,53521586116316465363295,1647560690,2022-03-17 23:44:50
14413411,53521586116316465363295,1647646906,2022-03-18 23:41:46
14419911,53522054505432231299103,1647734008,2022-03-19 23:53:28
14426311,53522054505432231299103,1647819994,2022-03-20 23:46:34
14432711,53522054505432231299103,1647906391,2022-03-21 23:46:31
14439211,53523927438686060869407,1647993490,2022-03-22 23:58:10
14445611,53523927438686060869407,1648079344,2022-03-23 23:49:04
14452011,53524863703538387148447,1648165528,2022-03-24 23:45:28
14458411,53524863703538387148447,1648251668,2022-03-25 23:41:08
14464911,53525799715227557733855,1648339134,2022-03-26 23:58:54
14471211,53525799715227557733855,1648424232,2022-03-27 23:37:12
14477711,53527671458706677557727,1648511145,2022-03-28 23:45:45
14484211,53527671458706677557727,1648598217,2022-03-29 23:56:57
14490611,53532349800565883194207,1648684704,2022-03-30 23:58:24
14497011,53532349800565883194207,1648770903,2022-03-31 23:55:03
14503411,53535624282293129068191,1648856743,2022-04-01 23:45:43
14509811,53536559848500913603615,1648943867,2022-04-02 23:57:47
14516211,53536559848500913603615,1649029970,2022-04-03 23:52:50
14522511,53538430390371820934175,1649115747,2022-04-04 23:42:27
14528911,53547783099726357586975,1649201710,2022-04-05 23:35:10
14535411,53547783099726357586975,1649289318,2022-04-06 23:55:18
14541811,53548250504309242465631,1649375543,2022-04-07 23:52:23
14548111,53549185274575556873695,1649461401,2022-04-08 23:43:21
14554611,53549185274575556873695,1649548784,2022-04-09 23:59:44
14561011,53549185274575556873695,1649635158,2022-04-10 23:59:18
14567411,53549185274575556873695,1649720867,2022-04-11 23:47:47
14573811,53549185274575556873695,1649806745,2022-04-12 23:39:05
14580211,53549185274575556873695,1649894307,2022-04-13 23:58:27
14586611,53549185274575556873695,1649980624,2022-04-14 23:57:04
14593011,53549185274575556873695,1650066783,2022-04-15 23:53:03
14599411,53553388050422120381983,1650153056,2022-04-16 23:50:56
14605811,53553388050422120381983,1650239056,2022-04-17 23:44:16
14612211,53553854922885006100383,1650326116,2022-04-18 23:55:16
14618611,53565059111318366675871,1650412262,2022-04-19 23:51:02
14625011,53569727366774788443551,1650498373,2022-04-20 23:46:13
14631311,53657476747392385458015,1650584947,2022-04-21 23:49:07
14637711,53781615827875470994783,1650671215,2022-04-22 23:46:55
14644111,53911813214074977618655,1650757943,2022-04-23 23:52:23
14650511,53974806341789891841439,1650844752,2022-04-24 23:59:12
14656811,54135310339112639168735,1650930607,2022-04-25 23:50:07
14663111,54164703454232754935839,1651016614,2022-04-26 23:43:34
14669511,54210421240338576394271,1651103540,2022-04-27 23:52:20
14675811,54263600104176262466463,1651189181,2022-04-28 23:39:41
14682211,54289720628515788703967,1651275932,2022-04-29 23:45:32
14688611,54297649476814805082655,1651362941,2022-04-30 23:55:41
14694911,54352679298412776993759,1651448078,2022-05-01 23:34:38
14701311,54366669334885355086239,1651535268,2022-05-02 23:47:48
14707611,54388118698023613573663,1651621196,2022-05-03 23:39:56
14713911,54420292040858920378591,1651707991,2022-05-04 23:46:31
14720211,54435677434605095210143,1651794534,2022-05-05 23:48:54
14726511,54439873100207795143391,1651880898,2022-05-06 23:48:18
14732811,54455256410295033821599,1651967877,2022-05-07 23:57:57
14739111,54469240281565853856287,1652053876,2022-05-08 23:51:16
14745311,54479494010996718798111,1652140146,2022-05-09 23:49:06
14751511,54506058608574473010399,1652226527,2022-05-10 23:48:47
14757811,54522369766256877903135,1652312421,2022-05-11 23:40:21
14764011,54526097776121769074719,1652398789,2022-05-12 23:39:49
14770411,54551725642995209607519,1652485912,2022-05-13 23:51:52
14776611,54588997428714036656479,1652571779,2022-05-14 23:42:59
14782911,54616017460762640139807,1652658226,2022-05-15 23:43:46
14789211,54634650593198467303007,1652744827,2022-05-16 23:47:07
14795511,54681231499966724990047,1652831498,2022-05-17 23:51:38
14801711,54721286327589306138783,1652917244,2022-05-18 23:40:44
14807811,54742709442781161646879,1653003524,2022-05-19 23:38:44
14814011,54762734644441946150751,1653090557,2022-05-20 23:49:17
14820211,54772513350545999315935,1653177444,2022-05-21 23:57:24
14826311,54782291543012850509983,1653263639,2022-05-22 23:53:59
14832511,54786947623195991566879,1653349880,2022-05-23 23:51:20
14838611,54788344316399713601887,1653436394,2022-05-24 23:53:14
14844711,54792068419098382240351,1653521870,2022-05-25 23:37:50
14850811,54796257797569881628447,1653608432,2022-05-26 23:40:32
14857111,54819528335371192774047,1653695989,2022-05-27 23:59:49
14863211,54849780034512897263327,1653781516,2022-05-28 23:45:16
14869411,54860017593290660561119,1653868462,2022-05-29 23:54:22
14875511,54867462644104732196319,1653954910,2022-05-30 23:55:10
14881611,54875372601887502914271,1654040608,2022-05-31 23:43:28
14887711,54881421107794007307039,1654126748,2022-06-01 23:39:08
14893911,54883747267515475792863,1654213796,2022-06-02 23:49:56
14900011,54885142882648127689503,1654299540,2022-06-03 23:39:00
14905911,54885608019949232735775,1654386194,2022-06-04 23:43:14
14911911,54893980456767889774111,1654473385,2022-06-05 23:56:25
14917711,54893980456767889774111,1654559864,2022-06-06 23:57:44
14923611,54922812261778405161887,1654645429,2022-06-07 23:43:49
14929511,54925602285382415421471,1654732015,2022-06-08 23:46:55
14935311,54927927140061083644831,1654818334,2022-06-09 23:45:34
14941211,54931181802893449461983,1654904836,2022-06-10 23:47:16
14947111,54936760732628624529887,1654991741,2022-06-11 23:55:41
14952911,54937690491571526862431,1655077571,2022-06-12 23:46:11
14958711,54938620160762969241695,1655163501,2022-06-13 23:38:21
14964511,54939549755091046549983,1655250579,2022-06-14 23:49:39
14970211,54940014518650798170399,1655336292,2022-06-15 23:38:12
14976111,54940479247157250373023,1655423795,2022-06-16 23:56:35
14981911,54943732058414021662303,1655509234,2022-06-17 23:40:34
14987711,54949307929960013633631,1655595508,2022-06-18 23:38:28
14993511,54972073323552347687583,1655682993,2022-06-19 23:56:33
14999311,54973931698005636944031,1655768586,2022-06-20 23:43:06
15004811,54976254314441148154655,1655855169,2022-06-21 23:46:09
15010111,54977183304618013696031,1655940819,2022-06-22 23:33:39
15015511,54977183304618013696031,1656028673,2022-06-23 23:57:53
15020811,54978112129516039668703,1656113913,2022-06-24 23:38:33
15026211,54981826931537628402655,1656201266,2022-06-25 23:54:26
15031511,54982755632043025586143,1656287501,2022-06-26 23:51:41
15036911,55061220957358454583647,1656373569,2022-06-27 23:46:09
15042211,55064006642714644640351,1656459713,2022-06-28 23:41:53
15047511,55064935160607747620191,1656545710,2022-06-29 23:35:10
15053211,55065399380653619408223,1656633445,2022-06-30 23:57:25
15059611,55066327700690101637727,1656719216,2022-07-01 23:46:56
15066111,55070505140854271670495,1656805725,2022-07-02 23:48:45
15072611,55071433382590879963423,1656891668,2022-07-03 23:41:08
15079111,55073753917214821512543,1656978932,2022-07-04 23:55:32
15085611,55073753917214821512543,1657065491,2022-07-05 23:58:11
15092011,55076074000348491194143,1657150912,2022-07-06 23:41:52
15098511,55076074000348491194143,1657238316,2022-07-07 23:58:36
15105011,55077001966197944204063,1657323881,2022-07-08 23:44:41
15111411,55080713522787526418719,1657410192,2022-07-09 23:43:12
15117911,55081641347272845073439,1657496717,2022-07-10 23:45:17
15124411,55099268087572427990559,1657583179,2022-07-11 23:46:19
15130911,55099268087572427990559,1657669510,2022-07-12 23:45:10
15137311,55099731879218847916447,1657755991,2022-07-13 23:46:31
15143911,55100195637794042817055,1657842955,2022-07-14 23:55:55
15150311,55102514100838754485215,1657928971,2022-07-15 23:49:31
15156811,55104368739284934220255,1658015970,2022-07-16 23:59:30
15163211,55107614204090842769247,1658102075,2022-07-17 23:54:35
15169611,55107614204090842769247,1658187796,2022-07-18 23:43:16
15176111,55110858944841622277087,1658274292,2022-07-19 23:44:52
15182611,55111322479234590778207,1658361567,2022-07-20 23:59:27
15189011,55112249464132936900447,1658447029,2022-07-21 23:43:49
15195511,55112249464132936900447,1658533814,2022-07-22 23:50:14
15202011,55113639625764464132575,1658620797,2022-07-23 23:59:57
15208411,55116883213941162070687,1658707185,2022-07-24 23:59:45
15214711,55116883213941162070687,1658792390,2022-07-25 23:39:50
15221111,55125222674695807006111,1658878881,2022-07-26 23:41:21
15227611,55128928626102410903839,1658966300,2022-07-27 23:58:20
15234011,55130318185011899821215,1659052221,2022-07-28 23:50:21
15240411,55131707700150643479135,1659138362,2022-07-29 23:46:02
15246811,55132633946575304683231,1659224218,2022-07-30 23:36:58
15253211,55132633946575304683231,1659310442,2022-07-31 23:34:02
15259711,55132633946575304683231,1659397735,2022-08-01 23:48:55
15266111,55134022971728323978015,1659483710,2022-08-02 23:41:50
15272511,55134022971728323978015,1659570483,2022-08-03 23:48:03
15278911,55142818217826341003039,1659657345,2022-08-04 23:55:45
15285411,55148373086254898338847,1659743608,2022-08-05 23:53:28
15291811,55150224541793624146335,1659830109,2022-08-06 23:55:09
15298211,55150224541793624146335,1659915840,2022-08-07 23:44:00
15304611,55153001378215309638687,1660002113,2022-08-08 23:41:53
15311011,55158555051058680623391,1660089186,2022-08-09 23:53:06
15317411,55159017857128961538783,1660175807,2022-08-10 23:56:47
15323711,55164108723902051608095,1660262111,2022-08-11 23:55:11
15330011,55166421858473403633375,1660347925,2022-08-12 23:45:25
15336411,55169659980050941036127,1660434588,2022-08-13 23:49:48
15342711,55230721359185227354207,1660520554,2022-08-14 23:42:34
15349011,55250610798984265822239,1660607582,2022-08-15 23:53:02
15355411,55273272683830416519391,1660694118,2022-08-16 23:55:18
15361711,55279284788383843231391,1660780673,2022-08-17 23:57:53
15368011,55306104296405199363359,1660866461,2022-08-18 23:47:41
15374311,55306566691958678027615,1660953513,2022-08-19 23:58:33
15380611,55308878484569149816735,1661039384,2022-08-20 23:49:44
15387011,55317199681604381661727,1661126102,2022-08-21 23:55:02
15393211,55318124259052740755615,1661211619,2022-08-22 23:40:19
15399611,55321360015758132318751,1661298672,2022-08-23 23:51:12
15405811,55328292684171682501471,1661384085,2022-08-24 23:34:45
15412111,55328292684171682501471,1661471895,2022-08-25 23:58:15
15418311,55329216961421308177503,1661557538,2022-08-26 23:45:38
15424511,55329216961421308177503,1661643713,2022-08-27 23:41:53
15430811,55334299355021211786527,1661731008,2022-08-28 23:56:48
15437111,55334299355021211786527,1661816992,2022-08-29 23:49:52
15443311,55334761275419315694239,1661903225,2022-08-30 23:47:05
15449611,55339380435234968099487,1661990226,2022-08-31 23:57:06
15455811,55339380435234968099487,1662075948,2022-09-01 23:45:48
15462111,55344922045900202173471,1662162563,2022-09-02 23:49:23
15468311,55345383809696851772959,1662248920,2022-09-03 23:48:40
15474611,55347692628680099770399,1662335462,2022-09-04 23:51:02
15480811,55353694695628304613343,1662422378,2022-09-05 23:59:38
15487011,55353694695628304613343,1662507931,2022-09-06 23:45:31
15493211,55355541199667192170719,1662594130,2022-09-07 23:42:10
15499511,55359695579463767036127,1662680617,2022-09-08 23:43:37
15505611,55360157087374473648927,1662767505,2022-09-09 23:51:45
15511611,55360157087374473648927,1662853205,2022-09-10 23:40:05
15517711,55371693437890283163167,1662940170,2022-09-11 23:49:30
15523711,55378614687587778278687,1663025832,2022-09-12 23:37:12
15529811,55387380418029031882527,1663112835,2022-09-13 23:47:15
15535711,55388303070505935000863,1663198898,2022-09-14 23:41:38
15542411,55391532029255206874271,1663285247,2022-09-15 23:40:47
15549511,55391532029255206874271,1663371779,2022-09-16 23:42:59
15556711,55391532029255206874271,1663459031,2022-09-17 23:57:11
15563811,55392454316830682930591,1663545071,2022-09-18 23:51:11
15570911,55394298528116675143071,1663631171,2022-09-19 23:46:11
15578111,55397986574221294779295,1663718315,2022-09-20 23:58:35
15585111,55399830597273604597407,1663804067,2022-09-21 23:47:47
15592311,55400291510026932811679,1663891043,2022-09-22 23:57:23
15599411,55403978445493753908639,1663976639,2022-09-23 23:43:59
15606611,55404900134050657337951,1664063423,2022-09-24 23:50:23
15613811,55404900134050657337951,1664150207,2022-09-25 23:56:47
15620911,55404900134050657337951,1664236031,2022-09-26 23:47:11
15628111,55405821546067970046687,1664323139,2022-09-27 23:58:59
15635211,55411810432151927392607,1664408795,2022-09-28 23:46:35
15642411,55414573978148014687583,1664495747,2022-09-29 23:55:47
15649511,55415495160146710452575,1664581403,2022-09-30 23:43:23
15656711,55415495160146710452575,1664668559,2022-10-01 23:55:59
15663811,55415495160146710452575,1664754047,2022-10-02 23:40:47
15671011,55415495160146710452575,1664840975,2022-10-03 23:49:35
15678111,55415495160146710452575,1664926979,2022-10-04 23:42:59
15685311,55415955517233398864543,1665014015,2022-10-05 23:53:35
15692411,55417796578002804197279,1665099731,2022-10-06 23:42:11
15699611,55420097903964560863199,1665186779,2022-10-07 23:52:59
15706811,55420097903964560863199,1665273551,2022-10-08 23:59:11
15713911,55420097903964560863199,1665359207,2022-10-09 23:46:47
15721111,55430680919041888580767,1665446027,2022-10-10 23:53:47
15728211,55430680919041888580767,1665531647,2022-10-11 23:40:47
15735411,55430680919041888580767,1665618491,2022-10-12 23:48:11
15742611,55430680919041888580767,1665705407,2022-10-13 23:56:47
15749711,55430680919041888580767,1665791051,2022-10-14 23:44:11
15756911,55430680919041888580767,1665877835,2022-10-15 23:50:35
15764111,55430680919041888580767,1665964775,2022-10-16 23:59:35
15771211,55438956785027309438623,1666050527,2022-10-17 23:48:47
15778411,55445393569682636772511,1666137299,2022-10-18 23:54:59
15785511,55446313022332473636511,1666223063,2022-10-19 23:44:23
15792711,55446313022332473636511,1666309883,2022-10-20 23:51:23
15799911,55446313022332473636511,1666396703,2022-10-21 23:58:23
15807011,55446313022332473636511,1666482299,2022-10-22 23:44:59
15814211,55460097960967522540831,1666569143,2022-10-23 23:52:23
15821311,55460097960967522540831,1666655315,2022-10-24 23:48:35
15828511,55460097960967522540831,1666742291,2022-10-25 23:58:11
15835611,55460097960967522540831,1666827887,2022-10-26 23:44:47
15842811,55460557326158777751007,1666914755,2022-10-27 23:52:35
15849911,55461016646436201007775,1667000531,2022-10-28 23:42:11
15857111,55470660617883323799263,1667087531,2022-10-29 23:52:11
15864311,55470660617883323799263,1667174315,2022-10-30 23:58:35
15871411,55566164822701884018399,1667259971,2022-10-31 23:46:11
15878611,55566623922862132599455,1667347127,2022-11-01 23:58:47
15885711,55568001177021485725663,1667432843,2022-11-02 23:47:23
15892911,55572591715410045366623,1667519807,2022-11-03 23:56:47
15900011,55573509734076935066847,1667605379,2022-11-04 23:42:59
15907211,55573968696668770619679,1667692295,2022-11-05 23:51:35
15914411,55573968696668770619679,1667779091,2022-11-06 23:58:11
15921511,55581769571675889074015,1667864675,2022-11-07 23:44:35
15928711,55584063624292371494623,1667951495,2022-11-08 23:51:35
15935811,55584063624292371494623,1668037343,2022-11-09 23:42:23
15943011,55584063624292371494623,1668124211,2022-11-10 23:50:11
15950211,55584063624292371494623,1668211199,2022-11-11 23:59:59
15957311,55632675910523236632671,1668296783,2022-11-12 23:46:23
15964511,55637261833078568194911,1668383519,2022-11-13 23:51:59
15971711,55637261833078568194911,1668470315,2022-11-14 23:58:35
15978811,55637720302442657640159,1668556103,2022-11-15 23:48:23
15986011,55637720302442657640159,1668643103,2022-11-16 23:58:23
15993111,55638178727664967021215,1668728783,2022-11-17 23:46:23
16000311,55638178727664967021215,1668815675,2022-11-18 23:54:35
16007411,55649178822398816686239,1668901307,2022-11-19 23:41:47
16014611,55651470286727779273119,1668988151,2022-11-20 23:49:11
16021811,55651470286727779273119,1669074995,2022-11-21 23:56:35
16028911,55651470286727779273119,1669160795,2022-11-22 23:46:35
16036111,55651470286727779273119,1669247939,2022-11-23 23:58:59
16043211,55651470286727779273119,1669333559,2022-11-24 23:45:59
16050411,55651928362051619677727,1669420487,2022-11-25 23:54:47
16057511,55652386350715630817055,1669506179,2022-11-26 23:42:59
16064711,55652386350715630817055,1669593059,2022-11-27 23:50:59
16071911,55652386350715630817055,1669679759,2022-11-28 23:55:59
16079011,55652386350715630817055,1669765535,2022-11-29 23:45:35
16086211,55652386350715630817055,1669852535,2022-11-30 23:55:35
16093311,55653301902708760187295,1669938167,2022-12-01 23:42:47
16100511,55653301902708760187295,1670024975,2022-12-02 23:49:35
16107711,55653301902708760187295,1670111819,2022-12-03 23:56:59
16114811,55653301902708760187295,1670197559,2022-12-04 23:45:59
16122011,55656047767470237465375,1670284643,2022-12-05 23:57:23
16129111,55656962880217753037343,1670370167,2022-12-06 23:42:47
16136211,55656962880217753037343,1670456891,2022-12-07 23:48:11
16143411,55657877905488665144991,1670543771,2022-12-08 23:56:11
16150511,55657877905488665144991,1670629547,2022-12-09 23:45:47
16157711,55657877905488665144991,1670716367,2022-12-10 23:52:47
16164811,55657877905488665144991,1670802035,2022-12-11 23:40:35
16172011,55657877905488665144991,1670888963,2022-12-12 23:49:23
16179211,55657877905488665144991,1670975963,2022-12-13 23:59:23
16186311,55660164203086994729631,1671061595,2022-12-14 23:46:35
16193511,55660164203086994729631,1671148535,2022-12-15 23:55:35
16200611,55660164203086994729631,1671234215,2022-12-16 23:43:35
16207811,55660164203086994729631,1671321047,2022-12-17 23:50:47
16215011,55661078291934488699807,1671407915,2022-12-18 23:58:35
16222111,55661078291934488699807,1671493535,2022-12-19 23:45:35
16229311,55661078291934488699807,1671580331,2022-12-20 23:52:11
16236511,55661078291934488699807,1671667175,2022-12-21 23:59:35
16243611,55661078291934488699807,1671752639,2022-12-22 23:43:59
16250811,55661078291934488699807,1671839279,2022-12-23 23:47:59
16258011,55661078291934488699807,1671926087,2022-12-24 23:54:47
16265111,55661078291934488699807,1672011671,2022-12-25 23:41:11
16272311,55663818736541546422943,1672098527,2022-12-26 23:48:47
16279511,55663818736541546422943,1672185455,2022-12-27 23:57:35
16286611,55663818736541546422943,1672270979,2022-12-28 23:42:59
16293811,55664275308611896096927,1672357847,2022-12-29 23:50:47
16301011,55664731880682245770911,1672444655,2022-12-30 23:57:35
16308111,55664731880682245770911,1672530263,2022-12-31 23:44:23
16315311,55664731880682245770911,1672616999,2023-01-01 23:49:59
16322511,55664731880682245770911,1672703747,2023-01-02 23:55:47
16329611,55664731880682245770911,1672789331,2023-01-03 23:42:11
16336811,55664731880682245770911,1672876091,2023-01-04 23:48:11
16344011,55664731880682245770911,1672963055,2023-01-05 23:57:35
16351111,55664731880682245770911,1673048723,2023-01-06 23:45:23
16358311,55664731880682245770911,1673135579,2023-01-07 23:52:59
16365511,55664731880682245770911,1673222399,2023-01-08 23:59:59
16372611,55664731880682245770911,1673307995,2023-01-09 23:46:35
16379811,55664731880682245770911,1673394803,2023-01-10 23:53:23
16386911,55664731880682245770911,1673480543,2023-01-11 23:42:23
16394111,55664731880682245770911,1673567471,2023-01-12 23:51:11
16401311,55664731880682245770911,1673654327,2023-01-13 23:58:47
16408411,55665187820329706763679,1673739887,2023-01-14 23:44:47
16415611,55665187820329706763679,1673826935,2023-01-15 23:55:35
16422711,55666555391121751411039,1673912615,2023-01-16 23:43:35
16429911,55682508994575937033439,1673999363,2023-01-17 23:49:23
16437111,55682508994575937033439,1674086171,2023-01-18 23:56:11
16444211,55687066366566235183199,1674171863,2023-01-19 23:44:23
16451411,55687066366566235183199,1674258647,2023-01-20 23:50:47
16458611,55687066366566235183199,1674345479,2023-01-21 23:57:59
16465711,55687066366566235183199,1674431171,2023-01-22 23:46:11
16472911,55687066366566235183199,1674517991,2023-01-23 23:53:11
16480111,55687521848264278632543,1674604799,2023-01-24 23:59:59
16487211,55687530957898239501530,1674690503,2023-01-25 23:48:23
16494411,55687530957898239501530,1674777311,2023-01-26 23:55:11
16501511,55687531868693197111125,1674863075,2023-01-27 23:44:35
16508711,55687531868693197111125,1674949847,2023-01-28 23:50:47
16515911,55687531959747330091313,1675036739,2023-01-29 23:58:59
16523011,55687531959747330091313,1675122323,2023-01-30 23:45:23
16530211,55690283748651222354045,1675209167,2023-01-31 23:52:47
16537311,55690695677861311571463,1675294859,2023-02-01 23:40:59
16544511,55691245118463410164665,1675381967,2023-02-02 23:52:47
16551611,55691314016114975687490,1675467731,2023-02-03 23:42:11
16558811,55691314016114975687490,1675554635,2023-02-04 23:50:35
16566011,55728870350404233874188,1675641467,2023-02-05 23:57:47
16573111,55731601155375090709913,1675727051,2023-02-06 23:44:11
16580311,55741154001814682505113,1675814087,2023-02-07 23:54:47
16587411,55741672537749210707133,1675900019,2023-02-08 23:46:59
16594611,55741992087017592485819,1675986959,2023-02-09 23:55:59
16601711,55741992087017592485819,1676072543,2023-02-10 23:42:23
16608911,55741992087017592485819,1676159435,2023-02-11 23:50:35
16616111,55741992087017592485819,1676246351,2023-02-12 23:59:11
16623211,55741992177956023150450,1676332043,2023-02-13 23:47:23
16630411,55741992177956023150450,1676419067,2023-02-14 23:57:47
16637511,55742088323415288756802,1676504843,2023-02-15 23:47:23
16644711,55742531775405818006033,1676591747,2023-02-16 23:55:47
16651811,55743095409415377190860,1676678183,2023-02-17 23:56:23
16658911,55750821035939505706892,1676764475,2023-02-18 23:54:35
16666011,55751275484558572090188,1676850659,2023-02-19 23:50:59
16673111,55751684770517427785202,1676936723,2023-02-20 23:45:23
16680211,55753883539839938052473,1677022907,2023-02-21 23:41:47
16687311,55753931169329243951590,1677109379,2023-02-22 23:42:59
16694511,55774150876708674100813,1677196775,2023-02-23 23:59:35
16701511,55774518887052559539778,1677282143,2023-02-24 23:42:23
16708611,55775713428134189755042,1677368399,2023-02-25 23:39:59
16715811,55776665431484131843639,1677455783,2023-02-26 23:56:23
16722911,55776666302921112501098,1677541787,2023-02-27 23:49:47
16730011,55776666302921112501098,1677628067,2023-02-28 23:47:47
16737111,55776675928566734570595,1677714239,2023-03-01 23:43:59
16744211,55776675928566734570595,1677800663,2023-03-02 23:44:23
16751311,55783751557515525654994,1677887075,2023-03-03 23:44:35
16758411,55783782574377417926262,1677973379,2023-03-04 23:42:59
16765611,55788321358141032943222,1678060751,2023-03-05 23:59:11
16772711,55788321358141032943222,1678147007,2023-03-06 23:56:47
16779811,55790835476141133787360,1678233215,2023-03-07 23:53:35
16786911,55790835476141133787360,1678319555,2023-03-08 23:52:35
16794011,55790844550179826418663,1678405787,2023-03-09 23:49:47
16801111,55790844550179826418663,1678492391,2023-03-10 23:53:11
16808211,55790844550179826418663,1678578647,2023-03-11 23:50:47
16815311,55790844550179826418663,1678664927,2023-03-12 23:48:47
16822411,55791751156419201907943,1678751027,2023-03-13 23:43:47
16829511,55791977762777331166631,1678837211,2023-03-14 23:40:11
16836611,55791986825986327817899,1678923611,2023-03-15 23:40:11
16843811,55792093623007435044344,1679010983,2023-03-16 23:56:23
16850911,55792720456936537272812,1679097179,2023-03-17 23:52:59
16858011,55792720456936537272812,1679183339,2023-03-18 23:48:59
16865111,55793182505289570426501,1679269559,2023-03-19 23:45:59
16872311,55793182505289570426501,1679356787,2023-03-20 23:59:47
16879411,55793182505289570426501,1679442995,2023-03-21 23:56:35
16886511,55793619637373032003090,1679529107,2023-03-22 23:51:47
16893611,55793637746023714267618,1679615447,2023-03-23 23:50:47
16900711,55793637746023714267618,1679701607,2023-03-24 23:46:47
16907811,55794256238671370628875,1679787719,2023-03-25 23:41:59
16915011,55799404908436574975535,1679875079,2023-03-26 23:57:59
16922111,55799404908436574975535,1679961287,2023-03-27 23:54:47
16929211,55802119937268912994760,1680047567,2023-03-28 23:52:47
16936311,55802119937268912994760,1680133799,2023-03-29 23:49:59
16943411,55802285765375130126900,1680219971,2023-03-30 23:46:11
16950511,55802447279600889115984,1680306083,2023-03-31 23:41:23
16957711,55802628188174889933572,1680393539,2023-04-01 23:58:59
16964811,55802637232682926604029,1680479951,2023-04-02 23:59:11
16971811,55802637232682926604029,1680565391,2023-04-03 23:43:11
16978911,55802637323111418852779,1680652763,2023-04-04 23:59:23
16985911,55805704387270068314861,1680738659,2023-04-05 23:50:59
16992911,55809308180111825131939,1680825083,2023-04-06 23:51:23
16999911,55811801479785257343473,1680910799,2023-04-07 23:39:59
17007011,55811801479785257343473,1680997667,2023-04-08 23:47:47
17014111,55811801479785257343473,1681084739,2023-04-09 23:58:59
17021111,55811801479785257343473,1681170311,2023-04-10 23:45:11
17028211,55811801479785257343473,1681257227,2023-04-11 23:53:47
17035211,54715101719996041910420,1681343363,2023-04-12 23:49:23
17041711,49835504155441026723015,1681429739,2023-04-13 23:48:59
17048711,49142501857343023525111,1681516055,2023-04-14 23:47:35
17055711,48840391329903010952756,1681602203,2023-04-15 23:43:23
17062811,48346930031564855822177,1681689335,2023-04-16 23:55:35
17069811,44024511747549168023671,1681774919,2023-04-17 23:41:59
17076911,43865468053527797576977,1681861739,2023-04-18 23:48:59
17084011,43734157646184468246810,1681948367,2023-04-19 23:52:47
17091011,43094606670602918348651,1682034419,2023-04-20 23:46:59
17098111,43069352831011256235513,1682120855,2023-04-21 23:47:35
17099911,43068421528135218150137,1682142587,2023-04-22 05:49:47
